cited_person_clean,wikidata_id,wikidata_label,cited_gender
François Mitterrand,Q2038,François Mitterrand,male
Michel Rocard,Q12946,Michel Rocard,male
Arlette Laguiller,Q12942,Arlette Laguiller,female
Le Pen,,,unknown
Jean-Marie Le Pen,Q7177,Jean-Marie Le Pen,male
Jacques Chirac,Q2105,Jacques Chirac,male
Valéry Giscard D'Estaing,Q2124,Valéry Giscard d'Estaing,male
Brice Lalonde,Q2512092,Brice Lalonde,male
Giscard D'Estaing,Q2124,Valéry Giscard d'Estaing,male
Georges Pompidou,Q2185,Georges Pompidou,male
Pierre Mauroy,Q156511,Pierre Mauroy,male
Raymond Barre,Q12957,Raymond Barre,male
F. Mitterrand,,,unknown
Président Pompidou,,,unknown
Georges Marchais,Q182192,Georges Marchais,male
Antoine Pinay,Q356724,Antoine Pinay,male
Robert Fabre,Q3435073,Robert Fabre,male
Michel Jobert,Q12960,Michel Jobert,male
Jean Lecanuet,Q537864,Jean Lecanuet,male
De Gaulle,Q2042,Charles de Gaulle,male
"Madame, Mademoiselle, Monsieur",,,unknown
Huguette Bouchardeau,Q3142783,Huguette Bouchardeau,female
Jean-Louis Tixier-Vignancour,Q364377,Jean-Louis Tixier-Vignancour,male
François Mitterand,Q108595960,François Moumbé Fotso,male
Charles De Gaulle,Q2042,Charles de Gaulle,male
De Wendel,,,unknown
André Lajoinie,Q520481,André Lajoinie,male
Pierre Juquin,Q3385657,Pierre Juquin,male
M. Mitterrand,,,unknown
Président Mitterrand,,,unknown
Chère Mademoiselle,,,unknown
Premier Ministre Michel Rocard,,,unknown
François Mitter- Rand,,,unknown
Président De La République François Mitterrand,,,unknown
Antoine Waechter,Q2856831,Antoine Waechter,male
René Dumont,Q927879,René Dumont,male
Gisèle Halimi,Q457705,Gisèle Halimi,female
François Mit- Terrand,,,unknown
Max Gallo,Q516318,Max Gallo,male
R. Barre,Q102117220,R. Barrett,unknown
Jean Rostand,Q287953,Jean Rostand,male
Jacques Monod,Q231402,Jacques Monod,male
Président François Mitterrand,,,unknown
Edgar Faure,Q327013,Edgar Faure,male
Simone De Beauvoir,Q7197,Simone de Beauvoir,female
Gisele Halimi,Q457705,Gisèle Halimi,female
Michel Crepeau,Q348474,Michel Crépeau,male
Président De La,,,unknown
François Loncle,Q3085196,François Loncle,male
Ère Madame,,,unknown
Jean-Louis Masson,Q30377920,Jean-Louis Masson,male
G. Marchais,,,unknown
Jean-Pierre Chevènement,Q736502,Jean-Pierre Chevènement,male
Michel Crépeau,Q348474,Michel Crépeau,male
Fran- Çois Mitterrand,,,unknown
Dominique Baudis,Q1238159,Dominique Baudis,male
Léon Blum,Q18434,Léon Blum,male
Monsieur Mitterrand,,,unknown
. Mitterrand,,,unknown
F. Mitterand,,,unknown
"Madame, Mademoiselle",,,unknown
Gaston Defferre,Q608815,Gaston Defferre,male
M. Rocard,,,unknown
J. Chirac,,,unknown
Alain Vivien,Q2830362,Alain Vivien,male
Jean Rousseau,Q726157,Jean Rousseau,male
Emile Koehl,Q3588589,Émile Koehl,male
Scrutin De Ballottage,,,unknown
Henri Darras,Q3130913,Henri Darras,male
Marcel Rigout,Q3289334,Marcel Rigout,male
Jean-Claude Gaudin,Q670918,Jean-Claude Gaudin,male
Valery Giscard D'Estaing,Q2124,Valéry Giscard d'Estaing,male
Gérard Longuet,Q1360173,Gérard Longuet,male
Michel Barnier,Q438465,Michel Barnier,male
Dominique Voynet,Q268669,Dominique Voynet,female
! Le Pen,,,unknown
Jean Lacombe,Q16645502,Jean Lacombe,male
Pierre Messmer,Q271822,Pierre Messmer,male
Loïc Bouvard,Q3264490,Loïc Bouvard,male
André Durr,Q2847702,André Durr,male
Robert Le Foll,Q16026908,Robert Le Foll,male
V. Giscard D'Estaing,,,unknown
Jean Marie Le Pen,Q7177,Jean-Marie Le Pen,male
Maurice Mercante,,,unknown
Alain Bonnet,Q2617157,Alain Soral,male
Laurent Fabius,Q217070,Laurent Fabius,male
Jacques Guyard,Q3159062,Jacques Guyard,male
Jean-Michel Boucheron,Q3167963,Jean-Michel Boucheron,male
Michel Noir,Q3310469,Michel Noir,male
Monsieur Giscard D'Estaing,,,unknown
François Mitterrand Président De La République,,,unknown
Jean-Jacques Servan-Schreiber,Q431565,Jean-Jacques Servan-Schreiber,male
M. Chirac,,,unknown
Pierre Bas,Q3383888,Pierre Bas,male
Edouard Balladur,Q12959,Édouard Balladur,male
Daniel Le Meur,Q3014302,Daniel Le Meur,male
Jean Papeau,,,unknown
Jean Charbonnel,Q3171228,Jean Charbonnel,male
Jacques Chaban-Delmas,Q12940,Jacques Chaban-Delmas,male
Guy Mollet,Q314006,Guy Mollet,male
Henri Michel,Q434641,Henri Michel,male
Gilbert Millet,Q3105790,Gilbert Millet,male
Alain Richard,Q930418,Alain Richard,male
Georges Hage,Q3102849,Georges Hage,male
M. Barre,Q89814041,Matthew Barrett,male
Gilles De Robien,Q798242,Gilles de Robien,male
Robert Aumont,Q3434472,Robert Aumont,male
Jacques Médecin,Q3159629,Jacques Médecin,male
Charles Ehrmann,Q2959006,Charles Ehrmann,male
Jean Moulin,Q632,Jean Moulin,male
Jacques Rimbault,Q3159878,Jacques Rimbault,male
Michel Durafour,Q691457,Michel Durafour,male
Robert Chapuis,Q3434780,Robert Chapuis,male
Jean Le Gars,Q18744811,Jean Le Gars,male
Jacques Santrot,Q3159970,Jacques Santrot,male
Charles Pasqua,Q725609,Charles Pasqua,male
André Lejeune,Q2848149,André Lejeune,male
Jemenin Le Pas,,,unknown
Marc Reymann,Q3288341,Marc Reymann,male
Roland Leroy,Q3440147,Roland Leroy,male
Louis Mexandeau,Q3262692,Louis Mexandeau,male
Député Sortant,,,unknown
Alain Carignon,Q2401871,Alain Carignon,male
Louis Mermaz,Q976492,Louis Mermaz,male
Jean Bardol,Q3170599,Jean Bardol,male
Jean Oehler,Q3173775,Jean Oehler,male
Jean-Pierre Soisson,Q603262,Jean-Pierre Soisson,male
Pierre Guidoni,Q3385363,Pierre Guidoni,male
René Benoit,Q69437159,René Benoit,male
Georges Frêche,Q574342,Georges Frêche,male
Gilbert Barbier,Q3105594,Gilbert Barbier,male
Paul Quilès,Q3372063,Paul Quilès,male
Marc Dolez,Q937175,Marc Dolez,male
P. Bialais,,,unknown
André Rossi,Q2848571,André Rossi,male
Louis Philibert,Q1871919,Louis Philibert,male
Pierre Charles,Q3384372,Pierre Charles,male
Rodolphe Pesce,Q3438364,Rodolphe Pesce,male
Robert Vizet,Q3436497,Robert Vizet,male
Philippe Lebreton,Q3380182,Philippe Lebreton,male
José Rossi,Q3186558,José Rossi,male
Bruno Vennin,Q2927013,Bruno Vennin,male
Jean Ueberschlag,Q3174880,Jean Ueberschlag,male
Simone Veil,Q298180,Simone Veil,female
Philippe Seguin,Q543332,Philippe Séguin,male
F Rançois Mitterrand,,,unknown
Jacques Duhamel,Q3158801,Jacques Duhamel,male
Pierre Lagorce,Q3385732,Pierre Lagorce,male
Pierre Bernard,Q1336903,Pierre Bernard,male
Jacques Houssin,Q3159124,Jacques Houssin,male
Paul Laurent,Q2060867,Paul Laurent,male
Jean Durieux,Q3171891,Jean Durieux,male
Charles Haby,Q2959299,Charles Haby,male
Louis Odru,Q3262816,Louis Odru,male
Roger Daviet,,,unknown
Charles Millon,Q55843460,Charles Millon,male
Pierre Maître,Q108183040,Pierre Maître,male
Michel Hannoun,Q3309872,Michel Hannoun,male
Yves Tavernier,Q3573977,Yves Tavernier,male
Francois Mitterrand,Q2038,François Mitterrand,male
François Mitterrand Président De La,,,unknown
Alfred Muller,Q102182802,Alfred Müller,male
Pierre Dumas,Q3384852,Pierre Dumas,male
Jean Jaurès,Q12688,Jean Jaurès,male
Robert Galley,Q345888,Robert Galley,male
Jacques Cambolive,Q3158452,Jacques Cambolive,male
Alain Poher,Q12950,Alain Poher,male
Joseph Pinard,Q3185492,Joseph Pinard,male
Maurice Dousset,Q3300708,Maurice Dousset,male
Emile Jourdan,Q3588585,Émile Jourdan,male
Olivier Guichard,Q766194,Olivier Guichard,male
Bernard Derosier,Q2897781,Bernard Derosier,male
Claude Estier,Q2977355,Claude Estier,male
Max Lejeune,Q3302200,Max Lejeune,male
Jean-Jacques Barthe,Q3166172,Jean-Jacques Barthe,male
André Delelis,Q2847627,André Delelis,male
Joseph Legrand,Q3185242,Joseph Legrand,male
Jean-Pierre Cot,Q826275,Jean-Pierre Cot,male
Antoine Rufenacht,Q2856700,Antoine Rufenacht,male
Jean-Pierre Chevenement,Q736502,Jean-Pierre Chevènement,male
Raymond Forni,Q359005,Raymond Forni,male
Jacques Baumel,Q1242626,Jacques Baumel,male
Jean-Claude Lamant,Q3165038,Jean-Claude Lamant,male
Roland Carraz,Q3439983,Roland Carraz,male
Commandant Cousteau,Q83233,Jacques-Yves Cousteau,male
Jean Waline,Q3175087,Jean Waline,male
Jean-Paul Fuchs,Q3168496,Jean-Paul Fuchs,male
Robert Borrel,Q3434615,Robert Borrel,male
Claude Germon,Q2977465,Claude Germon,male
Guy Vaxelaire,,,unknown
Bernard Tapie,Q728645,Bernard Tapie,male
Jack Lang,Q379229,Jack Lang,male
Emmanuel Aubert,Q57025527,Emmanuel Aubert,male
General De Gaulle,Q2042,Charles de Gaulle,male
Jean Boinvilliers,Q3170818,Jean Boinvilliers,male
Etienne Garnier,Q3592178,Étienne Garnier,male
Jean Bernard,Q928270,Jean Bernard,male
René Chevailler,Q55286989,René Chevailler,male
Roger Fenech,Q17350579,Roger Fenech,male
Jacques Chambaz,Q3158488,Jacques Chambaz,male
Maurice Quettier,Q19359534,Maurice Quettier,male
Pierre Mazeaud,Q492259,Pierre Mazeaud,male
Gilbert Bonnemaison,Q3105612,Gilbert Bonnemaison,male
André Petit,Q2848426,André Petit,male
Marius Masse,Q3293830,Marius Masse,male
Kléber Haye,Q3197942,Kléber Haye,male
Marcel Roques,Q3289347,Marcel Roques,male
Paul Chomat,Q3370877,Paul Chomat,male
Jean-Claude Portheault,Q3165180,Jean-Claude Portheault,male
Job Durupt,Q3179790,Job Durupt,male
Jean-Pierre Defontaine,Q3169180,Jean-Pierre Defontaine,male
Jean-Pierre Baeumler,Q3168956,Jean-Pierre Baeumler,male
Bernard Schreiner,Q2898601,Bernard Schreiner,male
Jean-Marie Bockel,Q981661,Jean-Marie Bockel,male
Jean Mouton,Q1660965,Jean Mouton,male
Jean-Claude Decagny,Q3164934,Jean-Claude Decagny,male
Abbé Pierre,Q306933,abbé Pierre,male
Roland Renard,Q3440238,Roland Renard,male
Pierre Bachelet,Q1373824,Pierre Bachelet,male
Pierre Bérégovoy,Q298355,Pierre Bérégovoy,male
Louis Le Pensec,Q497610,Louis Le Pensec,male
"Madame, Monsieur",,,unknown
Georges Durand,Q1508878,Georges Durand,male
Jean Falala,Q3171967,Jean Falala,male
Jean Seitlinger,Q3174605,Jean Seitlinger,male
Alain Bocquet,Q2829584,Alain Bocquet,male
Alain Faugaret,Q2829796,Alain Faugaret,male
Claude Pringalle,Q2978000,Claude Pringalle,male
Georges Bustin,Q3102399,Georges Bustin,male
Gustave Ansart,Q3121105,Gustave Ansart,male
Albert Maton,Q18744866,Albert Maton,male
Jean Jarosz,Q3172795,Jean Jarosz,male
Arthur Dehaine,Q2865065,Arthur Dehaine,male
Daniel Goulet,Q3014108,Daniel Goulet,male
Henri Lucas,Q18744848,Henri Lucas,male
Emile Muller,Q15972542,Emile Muller,male
Alain Mayoud,Q2830094,Alain Mayoud,male
Jean Poperen,Q3174079,Jean Poperen,male
Philippe Malaud,Q3380290,Philippe Malaud,male
André Fanton,Q2847739,André Fanton,male
Gisèle Moreau,Q3107823,,female
Jacques Marette,Q3159489,Jacques Marette,male
Georges Sarre,Q3103479,Georges Sarre,male
Roger Gouhier,Q3439036,Roger Gouhier,male
Alain Griotteray,Q2829881,Alain Griotteray,male
Roland Nungesser,Q931320,Roland Nungesser,male
Michel Giraud,Q919918,Michel Giraud,male
Haroun Tazieff,Q363379,Haroun Tazieff,male
Bernard Lefranc,Q2898214,Bernard Lefranc,male
Klaus Croissant,Q74367,Klaus Croissant,male
Michel Roux,Q2918056,Michel Roux,male
Guy Lengagne,Q3121953,Guy Lengagne,male
Georges Chometon,Q3102479,Georges Chometon,male
Gérard Voisin,Q3124371,Gérard Voisin,male
Alain Rodet,Q2830248,Alain Rodet,male
Jacques Vernier,Q3160161,Jacques Vernier,male
Edmond Garcin,Q3047833,Edmond Garcin,male
François D'Harcourt,Q16855763,François d'Harcourt,male
Guy Beck,Q3121540,Guy Beck,male
Martial Taugourdeau,Q3295275,Martial Taugourdeau,male
Raoul Bayou,Q3419126,Raoul Bayou,male
Jean Royer,Q3174472,Jean Royer,male
Alexandre Bolo,Q8317977,Alexandre Bolo,male
Claude Coulais,Q2392695,Claude Coulais,male
André Laurent,Q2848101,André Laurent,male
Jacques Legendre,Q3159355,Jacques Legendre,male
Hubert Bassot,Q3141928,Hubert Bassot,male
Marcel Wacheux,Q3289479,Marcel Wacheux,male
André Tourné,Q2848711,André Tourné,male
Jean-Marie Caro,Q3167596,Jean-Marie Caro,male
Etienne Bannwarth,,,unknown
Jean Brocard,Q2979307,Jean Brocard,male
Claude Roux,Q2978101,Claude Roux,male
Pierre Bourguignon,Q18523955,Pierre Bourguignon,male
Charles Revet,Q2960112,Charles Revet,male
Ladislas Poniatowski,Q3215951,Ladislas Poniatowski,male
Claude Labbé,Q2977627,Claude Labbé,male
Robert Ballanger,Q3434496,Robert Ballanger,male
Joseph Franceschi,Q3184959,Joseph Franceschi,male
Régis Barailla,Q3455690,Régis Barailla,male
Luc Tinseau,Q16798570,Luc Tinseau,male
Adrienne Horvath,Q168106,Adrienne Horvath,female
François Delmas,Q3084411,François Delmas,male
Jean Auroux,Q3170464,Jean Auroux,male
Dominique Pervenche,Q8318435,Dominique Pervenche,male
Germain Gengenwin,Q3104115,Germain Gengenwin,male
Yvette Roudy,Q3574055,Yvette Roudy,female
Gérard Lindeperg,Q3124120,Gérard Lindeperg,male
François Léotard,Q1394083,François Léotard,male
Louis Colombani,Q8341063,Louis Colombani,male
René Monory,Q697358,René Monory,male
Edith Cresson,Q230861,Édith Cresson,female
Jean-Paul Charié,Q3168412,Jean-Paul Charié,male
Philippe Bassinet,Q3379309,Philippe Bassinet,male
Guy Teissier,Q3090,Guy Teissier,male
Joseph Klifa,Q3185170,Joseph Klifa,male
Roger Mas,Q3439260,Roger Mas,male
André Gravelle,Q2847883,André Gravelle,male
Pierre Micaux,Q3386268,Pierre Micaux,male
Charles Josselin,Q2959501,Charles Josselin,male
Patrick Hoguet,Q3369520,Patrick Hoguet,male
Philippe Lamirault,,,unknown
Jean Poudevigne,Q3174088,Jean Poudevigne,male
Jean Valleix,Q3174934,Jean Valleix,male
Dent De La République,,,unknown
Pierre Méhaignerie,Q895873,Pierre Méhaignerie,male
André Laignel,Q957415,André Laignel,male
Jean Proveux,Q3174130,Jean Proveux,male
President De La,,,unknown
Théo Vial-Massat,Q3526335,Théo Vial-Massat,male
Michel Moreau,Q321972,Jean-Michel Moreau,male
Maurice Faure,Q3300775,Maurice Faure,male
Eric Vion,,,unknown
Charles Paccou,Q2959941,Charles Paccou,male
Dominique Dupilet,Q3035125,Dominique Dupilet,male
President De La Republique,,,unknown
Roland Huguet,Q3440102,Roland Huguet,male
Jean-Pierre Kucheida,Q3169447,Jean-Pierre Kucheida,male
Paul Alduy,Q3370440,Paul Alduy,male
Pierre Weisenhorn,Q3387347,Pierre Weisenhorn,male
Pierre Mendes-France,Q314265,Pierre Mendès France,male
Pierre Joxe,Q977974,Pierre Joxe,male
Paul Perrier,Q3371985,Paul Perrier,male
Alain Peyrefitte,Q929334,Alain Peyrefitte,male
Jean Goubet,,,unknown
Raoul Cartraud,Q3419142,Raoul Cartraud,male
Hélène Constans,Q2412867,Ellen Constans,female
Fernand Saal,,,unknown
Henri Ravera,Q21294800,Henri Ravera,male
Henri Ginoux,Q3131183,Henri Ginoux,male
Michel Cartelet,Q3309209,Michel Cartelet,male
Jean Roussel,Q108763860,Jean Roussel,male
Jean-Pierre Bechter,Q3168990,Jean-Pierre Bechter,male
Jean Giovannelli,Q3172307,Jean Giovannelli,male
Daniel Boulay,Q18744647,Daniel Boulay,male
Jean Blanc,Q107064037,Jean Blanc,male
Claude Birraux,Q2977020,Claude Birraux,male
. Raymond Barre,,,unknown
Lionel Jospin,Q187099,Lionel Jospin,male
Joël Hart,Q3187411,Joël Hart,male
Hubert Gouze,Q3142016,Hubert Gouze,male
François Leotard,Q1394083,François Léotard,male
Jacques Delors,Q153425,Jacques Delors,male
Georges Colombier,Q3102502,Georges Colombier,male
F. Mitter- Rand,,,unknown
Jean-Luc Reitzer,Q3167246,Jean-Luc Reitzer,male
Jean-Claude Bateux,Q3164828,Jean-Claude Bateux,male
Bruno Megret,Q993611,Bruno Mégret,male
Michel Berson,Q3309003,Michel Berson,male
Eric Raoult,Q3591330,Éric Raoult,male
Bernard Coulon,Q2897717,Bernard Coulon,male
Hervé Mariton,Q3134593,Hervé Mariton,male
Jean Bousquet,Q3170945,Jean Bousquet,male
De Benedetti,Q55226907,Emilio De Benedetti,male
Roger Couturier,Q21334403,Roger Couturier,male
Jeannou Lacaze,Q3176302,Jeannou Lacaze,male
Philippe Vasseur,Q3380839,Philippe Vasseur,male
Dumas Jean,,,unknown
Burnier Marthe,,,unknown
Renaud Jacques,Q75361417,Renaud Jacques Marie Joseph de Kergolay,male
Chollet Guy,,,unknown
Charles Caressa,,,unknown
M. Pompidou,,,unknown
Vincent Porelli,Q3559800,Vincent Porelli,male
Henry Delisle,Q3132724,Henry Delisle,male
Eric Hintermann,Q33102544,Eric Hintermann,male
Henry Berger,Q16641632,Henry Berger,male
Edouard Quemper,Q99674302,Édouard Quemper,male
François Leizour,Q18744822,François Leizour,male
M. Giscard D'Estaing,,,unknown
Roland Plaisance,Q3440214,Roland Plaisance,male
Georges Lemoine,Q106844497,Georges Lemoine,male
Marc Bécam,Q3287865,Marc Bécam,male
Guy Guermeur,Q3121817,Guy Guermeur,male
Pierre Garmendia,Q3385141,Pierre Garmendia,male
Jacques Cressard,Q3158601,Jacques Cressard,male
François Le Douarec,Q3085111,François Le Douarec,male
Michel Cointat,Q3309301,Michel Cointat,male
Charles Hernu,Q670809,Charles Hernu,male
Raymond Lory,Q3421010,Raymond Lory,male
Hubert Dubedout,Q3141993,Hubert Dubedout,male
Georges Bally,Q3102236,Georges Bally,male
Jean Desanlis,Q3171690,Jean Desanlis,male
Jacques Floch,Q3158891,Jacques Floch,male
Louis Darinot,Q3261650,Louis Darinot,male
Bernard Stasi,Q822724,Bernard Stasi,male
Claude Dhinnin,Q2977289,Claude Dhinnin,male
Georges Brice,Q3102379,Georges Brice,male
Guy Chatiliez,,,unknown
Roland Florian,Q3440060,Roland Florian,male
Jacques Mellick,Q3159545,Jacques Mellick,male
Maurice Andrieux,Q108836249,Maurice Andrieux,male
Maurice Pourchon,Q3301281,Maurice Pourchon,male
André Bord,Q517196,André Bord,male
Michel Debré,Q296386,Michel Debré,male
Marcel Rochaix,Q37999278,Marcel Rochaix,male
Maurice Blanc,Q3300436,Maurice Blanc,male
Rolande Perlican,Q3440325,Rolande Perlican,female
Georges Mesmin,Q3103191,Georges Mesmin,male
François Hilsum,Q41944709,François Hilsum,male
Paul Fromonteil,Q97143904,Paul Fromonteil,male
Marcel Mocœur,Q3289235,Marcel Mocœur,male
Guy Ducoloné,Q3121742,Guy Ducoloné,male
Jacqueline Chonavel,Q3157694,Jacqueline Chonavel,female
Jean-Claude Abrioux,Q1684732,Jean-Claude Abrioux,male
Robert-André Vivien,Q3434350,Robert-André Vivien,male
Jean-Paul Bachy,Q3168349,Jean-Paul Bachy,male
Georges Didier,Q104621419,Georges Didier,male
René Join,,,unknown
Jean-Louis Debré,Q713235,Jean-Louis Debré,male
Robert Cazalet,Q3434756,Robert Cazalet,male
. Chirac,,,unknown
Jacques Badet,Q3158176,Jacques Badet,male
Henri Houdouin,Q3131281,Henri Houdouin,male
Claude Biwer,Q2977023,Claude Biwer,male
Charles Baur,Q2958495,Charles Baur,male
Jacques Becq,Q3158226,Jacques Becq,male
Jacques Jouve,Q16467636,Jacques Jouve,male
Jean Rosselot,Q3174423,Jean Rosselot,male
Serge Dassault,Q981270,Serge Dassault,male
Marie-France Stirbois,Q3291817,Marie-France Stirbois,female
Pierre Tabanou,Q3387060,Pierre Tabanou,male
Charles Fiterman,Q2959067,Charles Fiterman,male
Hyacinthe Santoni,Q3143601,Hyacinthe Santoni,male
Jean Sango,,,unknown
Marcel Dehoux,Q3288862,Marcel Dehoux,male
Marc Fromion,Q16026791,Marc Fromion,male
Arthur Paecht,Q2865277,Arthur Paecht,male
Henri Nallet,Q1108317,Henri Nallet,male
Bruno Mégret,Q993611,Bruno Mégret,male
Maurice Alloncle,,,unknown
Bernard Bosson,Q2897580,Bernard Bosson,male
Jacques Masdeu-Arus,Q3159512,Jacques Masdeu-Arus,male
Michel Pelchat,Q3310540,Michel Pelchat,male
Gilbert Garnier,Q3105722,Gilbert Garnier,male
Rancillon Jean,,,unknown
Maurice Brugnon,Q3300496,Maurice Brugnon,male
Hector Rolland,Q3129278,Hector Rolland,male
Gabriel Péronnet,Q3093922,Gabriel Péronnet,male
Pierre Bernard-Reymond,Q3383943,Pierre Bernard-Reymond,male
Virgile Barel,Q3560609,Virgile Barel,male
Joseph Fontanet,Q325235,Joseph Fontanet,male
. Giscard D'Estaing,,,unknown
Marcel Tassy,Q16798564,Marcel Tassy,male
Pierre Gabert,Q65582365,Pierre Gabert,male
Robert Poujade,Q3088070,Robert Poujade,male
Claude Michel,Q2979538,Clodion,male
Bernard Deschamps,Q2897779,Bernard Deschamps,male
André Rouvière,Q522609,André Rouvière,male
Fernand Montagnon,,,unknown
Henri Emmanuelli,Q1347791,Henri Emmanuelli,male
Jean Delobel,Q3171647,Jean Delobel,male
Georges Cacheux,,,unknown
Bernard Lebas,Q16798501,Bernard Lebas,male
Jean Sylla,Q3174710,Jean Sylla,male
Francis Geng,Q3081453,Francis Geng,male
André Delehedde,Q2847618,André Delehedde,male
René Bailleux,,,unknown
Antoine Gissinger,Q2854004,Antoine Gissinger,male
Gilbert Mitterrand,Q1524023,Gilbert Mitterrand,male
Marcel Houël,Q3289038,Marcel Houël,male
Henri Derrien,Q3130959,Henri Derrien,male
Jean De Préaumont,Q3175651,Jean de Préaumont,male
Jean Wlos,Q101541852,Jean Wlos,male
Louis Baillot,Q3261158,Louis Baillot,male
Pierre Dabezies,Q3384597,Pierre Dabezies,male
Daniel Colliard,Q3013872,Daniel Colliard,male
Alain Robert,Q4705673,Alain Robert,male
René Lamps,Q3426463,René Lamps,male
Claude Lemoine,Q2977701,Claude Lemoine,male
Albert Mamy,Q2831376,Albert Mamy,male
Marcel Bayle,Q16662880,Marcel Bayle,male
Maurice Lemaire,Q2447029,Maurice Lemaire,male
Roger Combrisson,Q3438823,Roger Combrisson,male
Jacques Brunhes,Q3158419,Jacques Brunhes,male
Alain Madelin,Q582101,Alain Madelin,male
Jean Le Garrec,Q3173078,Jean Le Garrec,male
Claude Weber,Q13426248,Claude Weber,male
Jean Maire,Q1404434,Jean Mairet,male
François Massot,Q3085328,François Massot,male
Louise Moreau,Q3263799,Louise Moreau,female
Régis Perbet,Q3455770,Régis Perbet,male
Gérard Furnon,,,unknown
Bernard Jacquier,Q42315015,Bernard Jacquier,male
Jean-François Deniau,Q662406,Jean-François Deniau,male
Pierre Pasquiou,,,unknown
Louis Goasduff,,,unknown
Charles Miossec,Q2959830,Charles Miossec,male
Yves Marchand,Q3573821,Yves Marchand,male
Jacques Durand,Q3158821,Jacques Durand,male
Jean-Paul Chanteguet,Q3168410,Jean-Paul Chanteguet,male
Jacques Douffiagues,Q3158766,Jacques Douffiagues,male
Charles Fèvre,Q2959143,Charles Fèvre,male
Président Giscard D'Estaing,,,unknown
Christian Poncelet,Q714774,Christian Poncelet,male
Roger-Gérard Schwartzenberg,Q3438605,Roger-Gérard Schwartzenberg,male
Jean-Pierre Michel,Q3169573,Jean-Pierre Michel,male
Alain Le Vern,Q2830013,Alain Le Vern,male
Maxime Gremetz,Q3302581,Maxime Gremetz,male
Jacques Limouzy,Q3159399,Jacques Limouzy,male
Jean Gatel,Q3172239,Jean Gatel,male
Roland Mazoin,Q3440173,Roland Mazoin,male
Alain Aubert,Q65563991,Alain Aubert,male
Robert Villani,Q114423782,Robert Villani,male
Jean-Pierre Ousty,,,unknown
Bruno Bourg-Broc,Q2926662,Bruno Bourg-Broc,male
Noël Josephe,Q3345836,Noël Josèphe,male
Daniel Hoeffel,Q3014177,Daniel Hoeffel,male
Jean Rigaud,Q3174326,Jean Rigaud,male
Jacques Toubon,Q1379752,Jacques Toubon,male
André Borel,Q2847335,André Borel,male
Jacques Oudot,Q3159695,Jacques Oudot,male
Claude Bartolone,Q1096496,Claude Bartolone,male
Gérard Renaudo,,,unknown
Roland Blum,Q787494,Roland Blum,male
Daniel Pennec,Q2379535,Daniel Pennec,male
Roger Léron,Q16026929,Roger Léron,male
Jacques Blanc,Q3158295,Jacques Blanc,male
Michel Delebarre,Q129774,Michel Delebarre,male
René Couanau,Q3426037,René Couanau,male
Jean-Pierre Philibert,Q3169640,Jean-Pierre Philibert,male
Bernard Kouchner,Q206327,,male
François Fillon,Q101410,François Fillon,male
Dominique Paumier,,,unknown
Marc Le Fur,Q3288193,Marc Le Fur,male
Général Lacaze,,,unknown
Jean-Louis Borloo,Q467781,Jean-Louis Borloo,male
Jacques Medecin,Q3159629,Jacques Médecin,male
Monsieur Marchais,,,unknown
Marcel Pujol,Q3289315,Marcel Pujol,male
André Malraux,Q151164,André Malraux,male
Charles-Emile Loo,Q16026933,Charles-Émile Loo,male
René Rieubon,Q927552,René Rieubon,male
Guy Hermier,Q1557506,Guy Hermier,male
Michel Serex,,,unknown
Jacques Garcia,Q1997633,Jacques Garcia,male
Marcel Bonniot,Q125760677,Marcel Bonniot,male
Claude Gerbet,Q16798475,Claude Gerbet,male
Jean Gallet,Q16798466,Jean Gallet,male
Maurice Legendre,Q9030662,Maurice Legendre,male
Marie Jacq,Q3292586,Marie Jacq,female
Jean Sergent,Q108334151,Jean Sergent,female
Roger Roucaute,Q3439428,Roger Roucaute,male
Pierre Baudis,Q3383897,Pierre Baudis,male
Chère Electrice,,,unknown
Michel Sainte-Marie,Q3310806,Michel Sainte-Marie,male
Guy Cabanel,Q3121610,Guy Cabanel,male
Gilbert Biessy,Q3105602,Gilbert Biessy,male
Louis Maisonnat,Q3262594,Louis Maisonnat,male
Jacques-Antoine Gau,Q3157869,Jacques-Antoine Gau,male
H. Maujouan Du Gasset,,,unknown
André Chêne,Q14919929,André Chène,male
Jean Narquin,Q3173675,Jean Narquin,male
Guy Poirier,Q84768391,Guy Poirier,male
Georges Bourgeois,Q1232204,Djo-Bourgeois,male
Yves Le Cabellec,Q3573763,Yves Le Cabellec,male
"Mademoiselle, Monsieur",,,unknown
Serge Charles,Q3479237,Serge Charles,male
Claude Prouvoyeur,Q2978003,Claude Prouvoyeur,male
Amand Moriss,,,unknown
René Carpentier,Q3425967,René Carpentier,male
Marcel Dassault,Q160802,Marcel Dassault,male
Lucien Pignion,Q3265673,Lucien Pignion,male
Francis Defrance,,,unknown
Nicole Péry,Q765852,Nicole Péry,female
Adrien Zeller,Q377291,Adrien Zeller,male
Lucien Durand,Q57705568,Lucien Durand,male
Eddy Kenig,,,unknown
Jacques Mathieu,Q57084146,Jacques Mathieu,male
Alain Lhostis,,,unknown
Paul Pernin,Q3371980,Paul Pernin,male
Roger Chinaud,Q3438812,Roger Chinaud,male
André Duroméa,Q518421,André Duroméa,male
Gérard Bordu,Q15973834,Gérard Bordu,male
Robert Wagner,Q310493,Robert Wagner,male
Chantal Leblanc,Q16026910,Chantal Leblanc,female
Pierre Mauger,Q3386223,Pierre Mauger,male
Jean Valroff,Q3174945,Jean Valroff,male
Jean Cordillot,Q16645443,Jean Cordillot,male
Yves Durand,Q3573638,Yves Durand,male
Charles Deprez,Q2958879,Charles Deprez,male
Claude Labbe,Q2977627,Claude Labbé,male
Georges Gorse,Q3102795,Georges Gorse,male
Président De La Ré,,,unknown
François Terranova,,,unknown
Muguette Jacquaint,Q3327471,Muguette Jacquaint,female
Lucien Chapelain,Q19629118,Lucien Chapelain,male
Jacques Isabet,Q133800870,Jacques Isabet,male
Robert Montdargent,Q3435951,Robert Montdargent,male
Henry Canacos,Q3132671,Henry Canacos,male
Pierre Goldberg,Q3385262,Pierre Goldberg,male
Plan Barre,,,unknown
Olivier Stirn,Q3351391,Olivier Stirn,male
Philippe Marchand,Q3380313,Philippe Marchand,male
Michel Neugnot,Q63490476,Michel Neugnot,male
Maurice Briand,Q3300485,Maurice Briand,male
Michel Seyve,Q135316967,Michel Seyve,male
Pré- Sident De La République,,,unknown
Daniel Verdelhan,Q60218093,Daniel Verdelhan,male
Fernand Balez,Q62783897,Fernand Balez,male
Jean Diebold,Q3171740,Jean Diebold,male
Pierre Bourges,,,unknown
Pierre Albertini,Q3383665,Pierre Albertini,male
Claude Evin,Q2978384,Claude Évin,male
Michel Thomas,Q103114,Michel Houellebecq,male
Guy Chanfrault,Q3121636,Guy Chanfrault,male
Jean-Jack Queyranne,Q3166151,Jean-Jack Queyranne,male
Claude Debray,,,unknown
Jean Garraud,,,unknown
Nicolas About,Q3340014,Nicolas About,male
Daniel Nouaille,,,unknown
Guy Lavrat,Q131308366,Guy Lavrat,male
Georges Tranchant,Q3103557,Georges Tranchant,male
André Santini,Q2848614,André Santini,male
Patrick Devedjian,Q1383590,Patrick Devedjian,male
Laurent Cathala,Q3219106,Laurent Cathala,male
Jack Menant,,,unknown
Jean-Pierre Delalande,Q3169187,Jean-Pierre Delalande,male
P. Mauroy,Q105090708,P. Mauroy,unknown
Gérard Fayolle,Q3123950,Gérard Fayolle,male
Jean Paul Durieux,Q3168475,Jean-Paul Durieux,male
Grégoire Direz,,,unknown
Gilbert Meyer,Q3105793,Gilbert Meyer,male
Bernadette Isaac-Sibille,Q2897357,Bernadette Isaac-Sibille,female
Jean-Pierre Pierre-Bloch,Q3169645,Jean-Pierre Pierre-Bloch,male
Michel Charzat,Q3309252,Michel Charzat,male
Henri Fauqué,Q65580676,Henri Fauque,male
Jean-Philippe Lachenaud,Q3168817,Jean-Philippe Lachenaud,male
Dominique Jourdain,,,unknown
Alain Fort,Q2404849,Alain Fort,male
Yves Fréville,Q3573650,Yves Fréville,male
Claude Demassieux,Q2977269,Claude Demassieux,male
Daniel Colin,Q3013867,Daniel Colin,male
Bernard Mantienne,Q2898280,Bernard Mantienne,male
Laurent Béteille,Q3219088,Laurent Béteille,male
Jean-Claude Lefort,Q3165066,Jean-Claude Lefort,male
Général D'Armée,,,unknown
Jean Valès,,,unknown
Jean Urbaniak,Q3174887,Jean Urbaniak,male
Michel Grandpierre,Q2168017,Michel Grandpierre,male
Robert Boulin,Q1278301,Robert Boulin,male
Paul Dijoud,Q3371082,Paul Dijoud,male
Victor Hugo,Q535,Victor Hugo,male
Pierre Pasquini,Q3386525,Pierre Pasquini,male
Claude Lareal,Q2977645,Claude Laréal,male
Depute Sortant,,,unknown
G. Pompidou,,,unknown
Robert Capdeville,Q3434730,Robert Capdeville,male
Jean Briane,Q3170982,Jean Briane,male
Joseph Comiti,Q3184778,Joseph Comiti,male
Michel Pezet,Q3310572,Michel Pezet,male
Michel D'Ornano,Q1940443,Michel d'Ornano,male
André Ledran,Q2848130,André Ledran,male
Président De La République Georges Pompidou,,,unknown
Gilbert Mathieu,Q3105786,Gilbert Mathieu,male
André Chandernagor,Q674260,André Chandernagor,male
Raymond Labrousse,,,unknown
Pierre Mendès-France,Q314265,Pierre Mendès France,male
Marcel Larmanou,,,unknown
Louis Le Roux,Q115242636,Louis Le Roux,male
Michel Poniatowski,Q3310623,Michel Poniatowski,male
Georges Freche,Q574342,Georges Frêche,male
Paul Chenguélia,,,unknown
Jean Vincent,Q708893,Jean Vincent,male
Xavier Hunault,Q3570696,Xavier Hunault,male
Maurice Pondaven,,,unknown
Gaston Galloux,,,unknown
Max Nublat,Q114063198,Max Nublat,male
Louis Robineau,,,unknown
Jean Bégault,Q3171049,Jean Bégault,male
Jean-Paul Gouraud,,,unknown
Jean-Marie Daillet,Q3167626,Jean-Marie Daillet,male
Jean Le Duff,,,unknown
Pierre Godefroy,Q3385254,Pierre Godefroy,male
Jean Reyssier,Q3174298,Jean Reyssier,male
Robert Buron,Q3434688,Robert Buron,male
Michel Leblanc,Q3310139,Michel Leblanc,male
Jean Kiffer,Q3172894,Jean Kiffer,male
Charles Fenain,Q2959048,Charles Fenain,male
Gaston Plissonnier,Q3099115,Gaston Plissonnier,male
André Vieuguet,Q2848778,André Vieuguet,male
Madeleine Vincent,Q3275745,Madeleine Vincent,female
Henri Caillavet,Q3130775,Henri Caillavet,male
Emile Loo,,,unknown
Robert Pontillon,Q3436098,Robert Pontillon,male
Jean Porrène,,,unknown
Roger Sajardie,,,unknown
Jean-Pierre Leroy,Q65590562,Jean-Pierre Leroy,male
Paul Leloir,Q19630065,Paul Leloir,male
Lily Lefebvre-Musmeaux,,,unknown
Arsène Boulay,Q2864439,Arsène Boulay,male
José Marthe,Q63766320,José Marthe,male
Robert Grossmann,Q117282056,Robert Grossmann,male
Edouard Black,,,unknown
Gérard Collomb,Q12956,Gérard Collomb,male
Raymond Fontaine,Q7298781,Raymond Fontaine,male
Jacques Golliet,Q3159010,Jacques Golliet,male
Jacques Dominati,Q3158751,Jacques Dominati,male
Claude-Gérard Marcus,Q2976717,Claude-Gérard Marcus,male
Bernard Rocher,Q2898534,Bernard Rocher,male
Gilbert Gantier,Q3105719,Gilbert Gantier,male
Henri Fiszbin,Q3131083,Henri Fiszbin,male
Jean Le Prince,Q562013,Jean-Baptiste Le Prince,male
Didier Julia,Q3027066,Didier Julia,male
Pierre Ribes,Q3386787,Pierre Ribes,male
Michel Couillet,Q3309331,Michel Couillet,male
André Audinot,Q2847172,André Audinot,male
Serge Lefranc,Q3479405,Serge Lefranc,male
Robert Calméjane,Q3434718,Robert Calméjane,male
Roland Vernaudon,Q16673114,Roland Vernaudon,male
Maxime Kalinsky,Q16663885,Maxime Kalinsky,male
Jacques-Yves Cousteau,Q83233,Jacques-Yves Cousteau,male
Robert De Caumont,Q16855112,Robert de Caumont,male
Roger Carles,,,unknown
Robert Gardeil,Q16798467,Robert Gardeil,male
Roland Povinelli,Q3440221,Roland Povinelli,male
Roger Donadio,Q87975989,Roger Donadio,male
Henri D'Attilio,Q1606064,Henri d'Attilio,male
Pierre Le Roy,Q664919,Pierre Le Roy,male
Monsieur Barre,,,unknown
Alain Jamet,Q2829926,Alain Jamet,male
Edmond Hervé,Q329044,Edmond Hervé,male
Christian Nucci,Q2965505,Christian Nucci,male
Jean Hugon,Q110175943,Jean Hugon,male
Alain Chénard,Q2829669,Alain Chénard,male
André Louisy,,,unknown
Christian Laurissergues,Q2965403,Christian Laurissergues,male
Daniel Louis,Q44442,Dan Castellaneta,male
François D'Aubert,Q3086090,François d'Aubert,male
Colette Gœuriot,Q2982494,Colette Goeuriot,female
Xavier Delerue,Q1366913,Xavier de Le Rue,male
Michel Baudry,Q95950004,Michel Baudry,male
Émile Messager,Q54804204,Émile Messager,male
Daniel Bois,Q116818304,Daniel Bois,male
Pierre Beregovoy,Q298355,Pierre Bérégovoy,male
Martial Stienne,,,unknown
François Bayrou,Q12963,François Bayrou,male
Pierre Forgues,Q3385040,Pierre Forgues,male
Gratien Ferrari,Q3115694,Gratien Ferrari,male
Alain Destrem,Q110179653,Alain Destrem,male
Monsieur Chirac,,,unknown
Paul Dhaille,Q3371068,Paul Dhaille,male
Maryvonne Rioual,,,unknown
Jean Beaufils,Q18744636,Jean Beaufils,male
Docteur Bourson,,,unknown
Martine Frachon,Q3295773,Martine Frachon,female
Jean-Claude Dessein,Q3164943,Jean-Claude Dessein,male
Christian Pierret,Q2965547,Christian Pierret,male
Patrick Balkany,Q945181,Patrick Balkany,male
André Mercier,Q105636907,André Mercier,male
Michel Laneret,Q122371523,Michel Laneret,male
Prési- Dent De La République,,,unknown
Paulette Fost,Q3372634,Paulette Fost,female
Jean-Louis Beaumont,Q3166626,Jean-Louis Beaumont,male
Michel Baudier,Q3088440,Michel Baudier,male
Roland Vuillaume,Q3440291,Roland Vuillaume,male
Raymond Couderc,Q3420774,Raymond Couderc,male
Georges Bertin,Q94943641,Georges Bertin,male
Yves Dauge,Q3573596,Yves Dauge,male
Alain Brune,Q2829623,Alain Brune,male
Alain Siberchicot,,,unknown
Jean-Marc Ayrault,Q7711,Jean-Marc Ayrault,male
Guy Vadepied,Q3122190,Guy Vadepied,male
Guy-Michel Chauveau,Q3121476,Guy-Michel Chauveau,male
Alain Bouvier,Q65569673,Alain Bouvier,male
Jacques Féron,Q3158949,Jacques Féron,male
Didier Bariani,Q3026913,Didier Bariani,male
Guy Malandain,Q3121977,Guy Malandain,male
Jacqueline Alquier,Q3157667,Jacqueline Alquier,female
Guy Durbec,Q3121753,Guy Durbec,male
Jean-Pierre Lambertin,Q3169458,Jean-Pierre Lambertin,male
Jacques Bichet,Q3158273,Jacques Bichet,male
Xavier Dugoin,Q3570661,Xavier Dugoin,male
Véronique Neiertz,Q3564346,Véronique Neiertz,female
Michel Voisin,Q3311094,Michel Voisin,male
Le Pen Jean-Marie,,,unknown
Jean Tardito,Q3174741,Jean Tardito,male
Henri De Richemont,Q3132356,Henri de Richemont,male
Serge Didier,Q3479278,Serge Didier,male
Claude Barande,Q2976941,Claude Barande,male
Pierre Brana,Q3384174,Pierre Brana,male
Michel Esneu,Q3309572,Michel Esneu,male
Rémy Auchedé,Q3456113,Rémy Auchedé,male
Christian Fuchs,Q355837,Christian Fuchs,male
Didier Mathus,Q3027109,Didier Mathus,male
Dominique Perben,Q63618,Dominique Perben,male
Franck Borotra,Q2396260,Franck Borotra,male
Ségolène Royal,Q81923,Ségolène Royal,female
Joseph Sercia,,,unknown
Guy Ravier,Q3122093,Guy Ravier,male
Gilles Catoire,Q2398475,Gilles Catoire,male
Jean-Pierre Brard,Q3169073,Jean-Pierre Brard,male
Michel Mouillot,Q2825837,Michel Mouillot,male
Claude Faure,Q2977363,Claude Faure,male
. Marchais,,,unknown
Fernand Icart,Q3069205,Fernand Icart,male
André Vanco,,,unknown
Henri Chaze,Q3130826,Henri Chaze,male
Georges Bidault,Q312026,Georges Bidault,male
Bastien Leccia,Q810647,Bastien Leccia,male
Jean Roatta,Q543728,Jean Roatta,male
Jean-Pierre Fouque,Q102114493,Jean-Pierre Fouque,male
Jacques Godard,Q110056480,Jacques Godard,male
Yves Deniaud,Q3573609,Yves Deniaud,male
Edouard Herriot,Q274344,Édouard Herriot,male
Pierre Jacquet,Q21516081,Pierre Jacquet,male
Fernand Micouraud,,,unknown
Berthe Fievet,Q2899264,Berthe Fiévet,female
Dominique Gros,Q3035202,Dominique Gros,male
Maurice Lombard,Q3301080,Maurice Lombard,male
Jean-Philippe Lecat,Q1685157,Jean-Philippe Lecat,male
Yves Le Foll,Q3573772,Yves Le Foll,male
Claude Wilquin,Q2978276,Claude Wilquin,male
Lucien Dutard,Q3265486,Lucien Dutard,male
Jean-Claude Rohel,Q16798542,Jean-Claude Rohel,male
Maurice Couve De Murville,Q312034,Maurice Couve de Murville,male
André Troise,Q46700047,André Troise,male
Jean-Jacques Pons,Q82749233,Jean-Jacques Pons,male
Président Georges Pompidou,,,unknown
Yvon Bourges,Q764381,Yvon Bourges,male
Jean Hamelin,Q3172477,Jean Hamelin,male
André Voisin,Q60717503,André Voisin,male
René Colin,Q112157852,René Colin,male
Roger Duroure,Q3438924,Roger Duroure,male
Bernard Fournier,Q2897910,Bernard Fournier,male
Roger Charlat,,,unknown
Henri Bayard,Q3130640,Henri Bayard,male
Christian Chauvel,Q19607208,Christian Chauvel,male
François Autain,Q2373234,François Autain,male
J. Servan-Schreiber,,,unknown
Xavier Deniau,Q2597807,Xavier Deniau,male
Bernard Pons,Q2898459,Bernard Pons,male
Jean Bertholet,Q3170746,Jean Bertholet,male
Maurice Ligot,Q3301062,Maurice Ligot,male
René La Combe,Q3426450,René la Combe,male
André Rossinot,Q497071,André Rossinot,male
Jacques Vallin,Q30119841,Jacques Vallin,male
Henri Ferretti,Q3131076,Henri Ferretti,male
Norbert Segard,Q3343518,Norbert Ségard,male
Henriette Defrance,,,unknown
Pierre Prouvost,Q3386692,Pierre Prouvost,male
Albert Denvers,Q2831106,Albert Denvers,male
Maurice Cornette,Q3300598,Maurice Cornette,male
Emile Roger,Q3588724,Émile Roger,male
Marceau Gauthier,Q18744747,Marceau Gauthier,male
Arthur Moulin,Q2865258,Arthur Moulin,male
Yves Coquelle,Q3573573,Yves Coquelle,male
Léonce Deprez,Q3271581,Léonce Deprez,male
Jean-Pierre Destrade,Q3169211,Jean-Pierre Destrade,male
Claude Barate,Q2976946,Claude Barate,male
Bernard Baehr,,,unknown
René Cailliau,,,unknown
Paul Zwingelstein,Q131782583,Paul Zwingelstein,male
Jacques Soustelle,Q699510,Jacques Soustelle,male
Jacques Roger-Machart,Q3159902,Jacques Roger-Machart,male
Bruno Chiado,,,unknown
Alfred Gerin,Q2396975,Alfred Gerin,male
Camille Vallin,Q508608,Camille Vallin,male
Pierre Chantelat,Q3384360,Pierre Chantelat,male
Marcel Blanchard,Q55558363,Marcel Blanchard,male
Jean-Claude Boulard,Q3164858,Jean-Claude Boulard,male
Gabriel Kaspereit,Q3093805,Gabriel Kaspereit,male
Roger Frey,Q926639,Roger Frey,male
Jacqueline Furdygiel,,,unknown
Claude Avisse,,,unknown
Paul-Louis Tenaillon,Q3370336,Paul-Louis Tenaillon,male
Claude Dumond,,,unknown
René Gaillard,Q3426233,René Gaillard,male
Albert Brochard,Q2830986,Albert Brochard,male
Jacques Fleury,Q3158892,Jacques Fleury,male
Joseph Menga,Q18744874,Joseph Menga,male
Jean-Pierre Roux,Q3169726,Jean-Pierre Roux,male
Henri Duffaut,Q3131008,Henri Duffaut,male
Francis Liotaud,,,unknown
Fernand Marin,Q3069258,Fernand Marin,male
René L'Helguen,,,unknown
Michel Lambert,Q1551607,Michel Lambert,male
Hervé Lavenir,Q33228842,Hervé Lavenir,male
M. Pasqua,Q58330144,Massimo Pasquale,male
Parfait Jans,Q3365038,Parfait Jans,male
Jacques Fournier,Q3158913,Jacques Fournier,male
Paul Graziani,Q3371361,Paul Graziani,male
Jack Ralite,Q3157296,Jack Ralite,male
Raymond Valenet,Q3421177,Raymond Valenet,male
Claude Muller,Q2977871,Claude Muller,male
Michel Germa,Q3309741,Michel Germa,male
Louis Bayeurte,Q3261193,Louis Bayeurte,male
Yves De Kerveguen,Q16262906,,male
Francis Galizi,Q3081443,Francis Galizi,male
. Barre,,,unknown
Lucien Auzas,,,unknown
Jacques Sourdille,Q3160025,Jacques Sourdille,male
Alain Monod,Q47092619,Alain Monod,male
Klauss Croissant,,,unknown
Pierre Maitre,Q108183040,Pierre Maître,male
René Souchon,Q1238956,René Souchon,male
Jean Reyrat,,,unknown
Roland Beix,Q3439951,Roland Beix,male
Dominique Bussereau,Q63628,Dominique Bussereau,male
Lucien Jacob,Q3265555,Lucien Jacob,male
Didier Chouat,Q3026961,Didier Chouat,male
Germaine Burgaz,Q70362499,Germaine Burgaz,female
Pierre Mendès France,Q314265,Pierre Mendès France,male
André Thibaud,,,unknown
Nicole Bourdin,,,unknown
Alain Journet,Q2636454,Alain Journet,male
Monsieur Mitterand,,,unknown
Jacques Roux,Q615492,Jacques Roux,male
Christiane Mora,Q2965787,Christiane Mora,female
René Bourget,Q3425913,René Bourget,male
Alain Juppé,Q215569,Alain Juppé,male
Robert Girond,Q112657116,Robert Girond,male
Marcel Garrouste,Q3288969,Marcel Garrouste,male
André Droitcourt,Q2847664,André Droitcourt,male
Jean-Charles Cavaillé,Q3090643,Jean-Charles Cavaillé,male
Denise Cacheux,Q3023016,Denise Cacheux,female
Albert Bocktaels,,,unknown
Jean-Claude Prud'Homme,,,unknown
Christian Lefebvre,Q60609036,Christian Lefebvre,male
Jean Veber,Q3174987,Jean Veber,male
Premier Ministre Raymond Barre,,,unknown
Jean-François Mancel,Q3165759,Jean-François Mancel,male
Michel Chopin,,,unknown
Roger Pruvost,Q55599371,Roger Pruvost,male
Jean-Claude Bois,Q3164848,Jean-Claude Bois,male
Pierre Laguilhon,Q3385735,Pierre Laguilhon,male
François Abadie,Q3083773,François Abadie,male
Yves Muller,Q54449857,Yves A Muller,male
André Billardon,Q2847297,André Billardon,male
André Lotte,Q2848183,André Lotte,male
Gérard Hamelin,Q56086615,Gerard Hameline,male
Alain Bombard,Q727227,Alain Bombard,male
Jacques Bravo,Q3158393,Jacques Bravo,male
Alain Devaquet,Q2829736,Alain Devaquet,male
Edwige Avice,Q3048745,Edwige Avice,female
Adrien Dozol,,,unknown
Jacques Piot,Q3159773,Jacques Piot,male
François Mitter,Q2038,François Mitterrand,male
Michel Maurice-Bokanowski,Q3310322,Michel Maurice-Bokanowski,male
Georges Le Baill,Q16638910,Georges Le Baill,male
François Asensi,Q3083854,François Asensi,male
Marcel Monin,,,unknown
Jean-Louis Bargero,Q83882081,Jean-Louis Bargero,male
François Gayet,Q61597032,François Gayet,male
Camille Petit,Q2935038,Camille Petit,male
Jean Icart,,,unknown
Jean Weinling,,,unknown
Ronald Perdomo,Q3441545,Ronald Perdomo,male
François Haut,Q33127666,François Haut,male
Yves Terrieux,,,unknown
François Patriat,Q3085525,François Patriat,male
Guy Bêche,Q3121607,Guy Bêche,male
Françoise Gaspard,Q3086490,Françoise Gaspard,female
Jo Gourmelon,,,unknown
Michel Sapin,Q713296,Michel Sapin,male
Yves Machefaux,,,unknown
Jean-Pierre Sueur,Q3169778,Jean-Pierre Sueur,male
Denis Jacquat,Q3022746,Denis Jacquat,male
Fabien Thiémé,Q3063661,Fabien Thiémé,male
Umberto Battist,Q3548189,Umberto Battist,male
François-Michel Gonnot,Q3083588,François-Michel Gonnot,male
Jean-Pierre Braine,Q3169071,Jean-Pierre Braine,male
Roland Ries,Q469010,Roland Ries,male
Jacques Gaillard,Q3158962,Jacques Gaillard,male
Jean-Jacques Weber,Q3166444,Jean-Jacques Weber,male
André Jarrot,Q2847989,André Jarrot,male
Claude Denis,Q21288680,Claude Denis,male
Jacques Mahéas,Q3159460,Jacques Mahéas,male
René Rouquet,Q3426851,René Rouquet,male
Jacques Leser,,,unknown
Rudy Salles,Q1862692,Rudy Salles,male
Christian Kert,Q1383068,Christian Kert,male
Alain Calmat,Q1353268,Alain Calmat,male
Régis Parent,Q3455768,Régis Parent,male
Jean Besson,Q3170762,Jean Besson,male
Catherine Lalumiere,Q2263544,,female
Bernard Nayral,Q2898379,Bernard Nayral,male
Marie-Thérèse Boisseau,Q3292251,Marie-Thérèse Boisseau,female
Elisabeth Hubert,Q528621,Élisabeth Hubert,female
Jean-Pierre Lapaire,Q3169465,Jean-Pierre Lapaire,male
Michel Lecourtier,,,unknown
Jean-Pierre Bouquet,Q3169054,Jean-Pierre Bouquet,male
Jean-Mary Tarlant,,,unknown
Claude Gaillard,Q108065435,Claude Gaillard,male
Jean-Yves Le Déaut,Q3170164,Jean-Yves Le Déaut,male
Joseph Schaefer,Q102337784,Joseph Schaefer,male
Jean-Marie Demange,Q22112718,Jean-Marie Démangé,male
René Drouin,Q3426121,René Drouin,male
Bernard Auby,,,unknown
Jean-Paul Bret,Q3168380,Jean-Paul Bret,male
Christian Vellieux,,,unknown
Michel Bouvard,Q463018,Michel Bouvard,male
Dominique Gambier,Q3035175,Dominique Gambier,male
Jean-Jacques Hyest,Q3166300,Jean-Jacques Hyest,male
Michel Amiel,Q18202557,Michel Amiel,male
François Herisson,,,unknown
Guy Monjalon,Q2404111,Guy Monjalon,male
Henri Bouvet,Q8339787,Henri Bouvet,male
Daniel Bioton,,,unknown
Marc Gaulin,Q69864685,Marc Gaulin,male
President Pompidou,,,unknown
Francois Mitterand,Q108595960,François Moumbé Fotso,male
President Mitterrand,,,unknown
Andre Lajoinie,Q520481,André Lajoinie,male
Chere Mademoiselle,,,unknown
Francois Mitter- Rand,,,unknown
President De La Republique Francois Mitterrand,,,unknown
President Francois Mitterrand,,,unknown
Rene Dumont,Q927879,René Dumont,male
Francois Mit- Terrand,,,unknown
Francois Loncle,Q3085196,François Loncle,male
Ere Madame,,,unknown
Leon Blum,Q18434,Léon Blum,male
Fran- Cois Mitterrand,,,unknown
Gerard Longuet,Q1360173,Gérard Longuet,male
Francois Leotard,Q1394083,François Léotard,male
Loic Bouvard,Q3264490,Loïc Bouvard,male
Andre Durr,Q2847702,André Durr,male
Paul Quiles,Q3372063,Paul Quilès,male
Francois Mitterrand President De La Republique,,,unknown
Jean Jaures,Q12688,Jean Jaurès,male
Andre Lejeune,Q2848149,André Lejeune,male
Jose Rossi,Q3186558,José Rossi,male
Andre Rossi,Q2848571,André Rossi,male
Rene Benoit,Q3425824,René Benoît,male
F Rancois Mitterrand,,,unknown
Pierre Mehaignerie,Q895873,Pierre Méhaignerie,male
Andre Delelis,Q2847627,André Delelis,male
Francois Mitterrand President De La,,,unknown
Marc Becam,Q3287865,Marc Bécam,male
Michel Debre,Q296386,Michel Debré,male
Gisele Moreau,Q3107823,,female
Andre Petit,Q2848426,André Petit,male
Emile Messager,Q54804204,Émile Messager,male
Rene Chevailler,Q55286989,René Chevailler,male
Andre Duromea,Q518421,André Duroméa,male
Kleber Haye,Q3197942,Kléber Haye,male
Edmond Herve,Q329044,Edmond Hervé,male
Abbe Pierre,Q306933,abbé Pierre,male
Andre Chene,Q14919929,André Chène,male
Andre Tourne,Q2848711,André Tourné,male
Andre Fanton,Q2847739,André Fanton,male
Regis Barailla,Q3455690,Régis Barailla,male
Gerard Voisin,Q3124371,Gérard Voisin,male
Jean-Paul Charie,Q3168412,Jean-Paul Charié,male
Roger Leron,Q16026929,Roger Léron,male
Francois D'Harcourt,Q3086095,François d'Harcourt,male
Gilbert Senes,Q3105870,Gilbert Sénès,male
Andre Laurent,Q2848101,André Laurent,male
Guy Ducolone,Q3121742,Guy Ducoloné,male
Francois Delmas,Q3084411,François Delmas,male
Gerard Lindeperg,Q3124120,Gérard Lindeperg,male
Rene Monory,Q697358,René Monory,male
Gabriel Peronnet,Q3093922,Gabriel Péronnet,male
Andre Gravelle,Q2847883,André Gravelle,male
Dent De La Republique,,,unknown
Andre Laignel,Q957415,André Laignel,male
Theo Vial-Massat,Q3526335,Théo Vial-Massat,male
Marcel Houel,Q3289038,Marcel Houël,male
Jean De Preaumont,Q3175651,Jean de Préaumont,male
Helene Constans,Q2412867,Ellen Constans,female
Robert-Andre Vivien,Q3434350,Robert-André Vivien,male
Joel Hart,Q3187411,Joël Hart,male
Andre Santini,Q2848614,André Santini,male
Herve Mariton,Q3134593,Hervé Mariton,male
Francois Leizour,Q18744822,François Leizour,male
Andre Rouviere,Q522609,André Rouvière,male
Chere Electrice,,,unknown
Francois Le Douarec,Q3085111,François Le Douarec,male
Alain Chenard,Q2829669,Alain Chénard,male
Andre Bord,Q517196,André Bord,male
Louis Regulier,,,unknown
Francois Hilsum,Q41944709,François Hilsum,male
Rene Lamps,Q3426463,René Lamps,male
Gerard Furnon,,,unknown
Rene Join,,,unknown
Jean-Louis Debre,Q713235,Jean-Louis Debré,male
Noel Josephe,Q3345836,Noël Josèphe,male
Laurent Beteille,Q3219088,Laurent Béteille,male
Francis Le Ble,Q3081543,Francis Le Blé,male
Paul Chenguelia,,,unknown
Jean Begault,Q3171049,Jean Bégault,male
Rene Carpentier,Q3425967,René Carpentier,male
Andre Delehedde,Q2847618,André Delehedde,male
Nicole Pery,Q765852,Nicole Péry,female
Rene Bailleux,,,unknown
Claude-Gerard Marcus,Q2976717,Claude-Gérard Marcus,male
Helene Missoffe,Q3144821,Hélène Missoffe,female
Francois Massot,Q3085328,François Massot,male
Regis Perbet,Q3455770,Régis Perbet,male
Jean Lefevre,Q3173145,Jean Lefèvre,male
Jean-Francois Deniau,Q662406,Jean-François Deniau,male
Alain Juppe,Q215569,Alain Juppé,male
Charles Fevre,Q2959143,Charles Fèvre,male
President Giscard D'Estaing,,,unknown
Roger-Gerard Schwartzenberg,Q3438605,Roger-Gérard Schwartzenberg,male
Jean-Pierre Fourre,Q16026787,Jean-Pierre Fourré,male
Michel Pericard,Q3310640,Michel Péricard,male
Fabien Thieme,Q3063661,Fabien Thiémé,male
Andre Borel,Q2847335,André Borel,male
Veronique Neiertz,Q3564346,Véronique Neiertz,female
Jacques Maheas,Q3159460,Jacques Mahéas,male
Gerard Renaudo,,,unknown
Rene Couanau,Q3426037,René Couanau,male
Francois Fillon,Q101410,François Fillon,male
General Lacaze,,,unknown
Andre Malraux,Q151164,André Malraux,male
Rene Rieubon,Q927552,René Rieubon,male
Paul Balmigere,Q3370553,Paul Balmigère,male
Raymond Douyere,Q3420810,Raymond Douyère,male
Gerard Bordu,Q15973834,Gérard Bordu,male
President De La Re,,,unknown
Francois Terranova,,,unknown
Pre- Sident De La Republique,,,unknown
Andre Labarrere,Q520375,André Labarrère,male
Gerard Fayolle,Q3123950,Gérard Fayolle,male
Guy Beche,Q3121607,Guy Bêche,male
Gregoire Direz,,,unknown
Henri Fauque,Q65580676,Henri Fauque,male
Yves Freville,Q3573650,Yves Fréville,male
General D'Armee,,,unknown
Jean Vales,,,unknown
Andre Ledran,Q2848130,André Ledran,male
President De La Republique Georges Pompidou,,,unknown
Andre Chandernagor,Q674260,André Chandernagor,male
Jean Vauchere,Q133758852,,unknown
Pierre Lalumiere,Q16266324,Pierre Lalumière,male
Rene Feit,Q3426191,René Feït,male
Roger Correze,Q3438840,Roger Corrèze,male
Andre Vieuguet,Q2848778,André Vieuguet,male
Jean Porrene,,,unknown
Arsene Boulay,Q2864439,Arsène Boulay,male
Michel Inchauspe,Q3309956,Michel Inchauspé,male
Jose Marthe,Q63766320,José Marthe,male
Eugene Riedweg,Q3060139,Eugène Riedweg,male
Gerard Collomb,Q12956,Gérard Collomb,male
Stelio Farandjis,Q2389779,Stelio Farandjis,male
Michel Beregovoy,Q3309152,Michel Bérégovoy,male
Andre Audinot,Q2847172,André Audinot,male
Maurice Niles,Q3301208,Maurice Nilès,male
Robert Calmejane,Q3434718,Robert Calméjane,male
Pierre Mendes France,Q314265,Pierre Mendès France,male
Andre Louisy,,,unknown
Francois D'Aubert,Q3086090,François d'Aubert,male
Jean-Luc Becart,Q3167099,Jean-Luc Bécart,male
Francois Bayrou,Q12963,François Bayrou,male
Genevieve Preterre,,,unknown
Andre Mercier,Q94890907,André Mercier,male
Presi- Dent De La Republique,,,unknown
Francois Patriat,Q3085525,François Patriat,male
Pierre-Jean Lepretre,,,unknown
Andre Blum,Q18011923,André Blum,male
Jacques Feron,Q3158949,Jacques Féron,male
Therese Aillaud,Q3527325,Thérèse Aillaud,female
Gerard Saumade,Q3124296,Gérard Saumade,male
Remy Auchede,Q3456113,Rémy Auchedé,male
Gerard Jeffray,Q3124049,Gérard Jeffray,male
Segolene Royal,Q81923,Ségolène Royal,female
Andre Vanco,,,unknown
Michel Mazeas,Q133808600,Michel Mazéas,male
Valery Giscard-D'Estaing,Q2124,Valéry Giscard d'Estaing,male
Andre Troise,Q46700047,André Troise,male
President Georges Pompidou,,,unknown
Andre Voisin,Q60717503,André Voisin,male
Rene Colin,Q112157852,René Colin,male
Francois Autain,Q2373234,François Autain,male
Benoit Macquet,Q18744850,Benoît Macquet,male
Rene La Combe,Q3426450,René la Combe,male
Andre Rossinot,Q497071,André Rossinot,male
Didier Eloy,Q16250413,Didier Eloy,male
Leonce Deprez,Q3271581,Léonce Deprez,male
Rene Cailliau,,,unknown
Rene Caille,Q15970952,René Caillé,male
Andre Martin,Q521581,André Martin,male
Rene Gaillard,Q3426233,René Gaillard,male
Jean-Rene Etienne,,,unknown
Rene L'Helguen,,,unknown
Herve Lavenir,Q33228842,Hervé Lavenir,male
Le President,,,unknown
Rene Souchon,Q1238956,René Souchon,male
Sebastien Couepel,Q3510015,Sébastien Couépel,male
President De,,,unknown
Andre Thibaud,,,unknown
Rene Bourget,Q3425913,René Bourget,male
Andre Droitcourt,Q2847664,André Droitcourt,male
Jean-Charles Cavaille,Q3090643,Jean-Charles Cavaillé,male
Andre Diligent,Q2847653,André Diligent,male
Jean-Francois Mancel,Q3165759,Jean-François Mancel,male
Francois Abadie,Q3083773,François Abadie,male
Andre Billardon,Q2847297,André Billardon,male
Andre Lotte,Q2848183,André Lotte,male
Gerard Hamelin,Q56086615,Gerard Hameline,male
Michel D'Aillieres,Q1521083,Michel d'Aillières,male
Francois Mitter,Q2038,François Mitterrand,male
Francois Asensi,Q3083854,François Asensi,male
Francois Gayet,Q61597032,François Gayet,male
Francois Haut,Q64733766,François Hautin,male
Francoise Gaspard,Q3086490,Françoise Gaspard,female
Gerard Gouzes,Q3123995,Gérard Gouzes,male
Gerard Vignoble,Q3124358,Gérard Vignoble,male
Francois-Michel Gonnot,Q3083588,François-Michel Gonnot,male
Andre Jarrot,Q2847989,André Jarrot,male
Rene Rouquet,Q3426851,René Rouquet,male
Paul Verges,Q935962,Paul Vergès,male
Jean-Paul Virapoulle,Q3168709,Jean-Paul Virapoullé,male
Regis Parent,Q3455768,Régis Parent,male
